num_clientes,num_servidores,num_mensagens,execucoes,tempo_min_ms,tempo_max_ms,tempo_media_ms,tempo_mediana_ms,tempo_std_ms,throughput_min,throughput_max,throughput_media,throughput_mediana,throughput_std
10,2,1,95.0,6.3,22.58,11.66136842105263,10.67,3.9946697671367604,44.286979627989375,158.73015873015873,94.35866763151981,93.7207122774133,26.639127584293192
10,2,10,96.0,14.12,44.87,26.854375,25.695,6.867572019477359,222.86605749944283,708.2152974504249,397.71896957757207,389.19682317241075,104.0084377030035
10,2,100,96.0,124.63,294.53,210.48520833333336,206.39,45.5114166990723,339.5239873697077,802.3750300890637,499.3994771367108,484.5196272541373,115.75131249308757
10,2,500,90.0,910.65,1338.73,1067.5322222222221,1043.045,103.83523876023526,373.4883060811366,549.0583649041894,472.6292446025405,479.3692696898048,44.01279596890319
10,2,1000,97.0,1947.45,3052.88,2417.1698969072163,2295.85,295.2882187123263,327.5595503262493,513.4920023620632,419.55295139400215,435.5685258183244,48.133802224511236
10,2,10000,90.0,20095.01,27348.0,22833.26411111111,23058.305,2113.8609355231665,365.65745209887376,497.6359802757003,441.52176579261464,433.683223182289,38.66817795471097
10,4,1,96.0,6.07,23.1,10.163437499999999,9.395,3.0970953556400365,43.290043290043286,164.74464579901152,105.45828457803437,106.45289218741149,24.96054372041988
10,4,10,97.0,14.95,38.85,23.919587628865983,22.19,6.552265826324206,257.4002574002574,668.8963210702341,448.9688915671307,450.65344749887333,116.12305747108924
10,4,100,98.0,125.82,271.26,192.5765306122449,193.41,37.12220645992294,368.65000368650004,794.7862025115245,539.4433361310757,517.036360094821,106.69226379911598
10,4,500,95.0,854.74,1071.44,951.4943157894737,951.85,49.91383239676008,466.66168894198466,584.9732082270632,526.9152458471415,525.2928507643011,27.236407677618836
10,4,1000,95.0,1687.34,1940.02,1806.6916842105256,1803.68,61.30842632310885,515.4586035195513,592.648784477343,554.1338756971259,554.4220704337798,18.756372741025572
10,4,10000,95.0,16874.6,17622.89,17289.895368421054,17306.21,176.4839482595665,567.4438188061096,592.6066395647898,578.4330576733081,577.8272654729141,5.933230036371669
10,6,1,97.0,6.78,25.01,10.685257731958764,10.04,3.2970705813055203,39.98400639744102,147.49262536873155,100.13530949960696,99.60159362549803,22.778971945379737
10,6,10,94.0,15.68,54.93,25.578191489361696,23.54,8.26514405825799,182.04988166757693,637.7551020408164,424.5088144936266,424.8107525845512,110.93956133090563
10,6,100,97.0,109.81,266.15,184.50391752577318,188.04,37.624640438921766,375.72797294758595,910.6638739641198,567.1093338812384,531.8017443097214,126.67487842722643
10,6,500,94.0,808.73,1093.46,936.5982978723406,933.72,58.020988143842125,457.2640974521244,618.253310746479,535.8667017078304,535.4924836229997,32.72689354702872
10,6,1000,98.0,1625.03,2003.18,1796.5795918367348,1771.4450000000002,97.90720915190583,499.2062620433511,615.3732546476065,558.2454716208758,564.5108936894463,29.989350838325986
10,6,10000,95.0,17021.06,17486.24,17246.336421052627,17244.48,104.62590244762808,571.8782311120057,587.5074760326324,579.8546243316705,579.8957115552339,3.5166639486225657
10,8,1,97.0,7.06,24.53,12.654536082474227,10.83,4.357649991058753,40.766408479412966,141.643059490085,86.9485206808037,92.33610341643583,24.270510237225764
10,8,10,95.0,15.8,64.51,26.023473684210522,24.43,8.9955401544521,155.01472639900788,632.9113924050632,419.1555064556275,409.3327875562833,110.12421506558042
10,8,100,97.0,130.09,308.49,207.62298969072165,209.44,43.80384091253432,324.15961619501445,768.6985932815742,504.509645735779,477.4637127578304,111.25672348721098
10,8,500,91.0,872.19,1609.96,1139.102197802198,1076.13,168.98989635447126,310.5667221545877,573.2695857553973,448.10234471269973,464.6278795312834,62.42985573236435
10,8,1000,97.0,1639.33,2090.53,1843.193505154639,1827.54,108.3887526884749,478.34759606415594,610.0053070461713,544.3721143893653,547.183645775195,31.290405240978767
10,8,10000,99.0,16980.45,17821.93,17357.337373737373,17369.46,236.0178671612923,561.1064570447757,588.9125435427211,576.2316496765278,575.723137046287,7.826860766174825
10,10,1,94.0,6.0,16.7,9.935638297872343,9.665,2.422358863776433,59.880239520958085,166.66666666666666,106.57871285352266,103.46636406457415,25.334024386579856
10,10,10,98.0,13.87,35.86,22.82979591836735,22.810000000000002,5.544060800751766,278.86224205242615,720.9805335255949,464.9400618341248,438.40496702641116,114.02651988006285
10,10,100,97.0,108.17,220.08,162.96515463917527,166.35,29.103880568600204,454.3802253725917,924.4707405010631,634.8483677708821,601.1421701232341,120.60163502775626
10,10,500,92.0,812.81,1078.99,928.8733695652171,931.915,61.9736553825262,463.3963243403553,615.1499120335626,540.6513941523656,536.5305613885164,35.58264049812337
10,10,1000,98.0,1706.08,2074.65,1893.5881632653063,1895.69,93.54677835994333,482.0090135685537,586.1389852761888,529.3901607681545,527.5145968587083,26.19536807847476
10,10,10000,94.0,16811.65,18274.17,17464.048936170213,17429.885000000002,336.0051696805566,547.2204756768707,594.8256120012015,572.8167200743198,573.7272577097335,11.012205203807488
20,2,1,196.0,7.34,57.91,23.281020408163265,21.174999999999997,10.725781736392287,17.268174753928513,136.23978201634878,52.47365616823053,47.2264523444393,23.413006101138794
20,2,10,191.0,18.39,154.31,65.1466492146597,62.12,31.290161715559254,64.8046140885231,543.773790103317,195.0956445030492,160.97875080489376,100.61763158496774
20,2,100,197.0,178.43,596.86,401.7905583756345,407.45,112.83578890610838,167.54347753241964,560.4438715462646,274.5907675870204,245.42888697999757,96.00973958956243
20,2,500,188.0,1686.67,2542.68,2103.2886170212764,2091.915,189.5301445658479,196.64291220287257,296.44210189307927,239.69857980876293,239.01547707453233,22.0429564504855
20,2,1000,193.0,3140.18,4727.79,3992.79829015544,4071.29,387.3333207769802,211.515316881672,318.4530823073837,253.03292773272213,245.6223948674744,26.770124115022966
20,2,10000,200.0,35147.54,69657.55,49890.578949999996,43665.369999999995,12747.429402044258,143.55945622549172,284.51493333530595,213.3731633262609,229.12796613979157,51.05846737161037
20,4,1,191.0,6.59,29.07,12.933089005235603,11.63,4.807793998103883,34.39972480220158,151.74506828528075,85.97898488931708,85.98452278589853,25.229787533907526
20,4,10,189.0,14.99,74.66,33.42,31.32,12.920204390081508,133.9405304045004,667.1114076050701,341.0043881901848,319.2848020434227,120.45956481935157
20,4,100,193.0,152.04,461.51,308.10544041450777,316.2,76.85280303704346,216.68002860176378,657.7216521967904,349.3391116620776,316.25553447185325,103.57528260303283
20,4,500,190.0,1315.59,1702.7,1520.1102631578945,1534.775,93.17432959912583,293.65125976390436,380.05761673469704,330.19320978993784,325.7807149020183,20.761715199582426
20,4,1000,194.0,2767.01,3216.9,2994.3678865979387,3010.17,106.04050646575068,310.8582797102801,361.4009345828168,334.3826199011335,332.2071651843575,11.933738478781917
20,4,10000,192.0,27856.2,28599.15,28213.83578125,28207.195,178.14952664011773,349.66074166539914,358.986509286981,354.45014629507205,354.5194793953873,2.235363373584448
20,6,1,192.0,6.81,20.83,11.964791666666665,11.38,3.0893152488208813,48.007681228996645,146.84287812041117,88.87357986831309,87.87346221441123,21.53621549912787
20,6,10,189.0,14.74,90.48,37.69481481481481,31.6,17.871576842241435,110.52166224580017,678.42605156038,319.9490794911485,316.4556962025316,129.9448494436103
20,6,100,194.0,145.38,508.76,319.95407216494846,316.82000000000005,83.17430515213928,196.5563330450507,687.8525244187646,337.89770594503887,315.6366705468398,103.04353972657425
20,6,500,194.0,1260.53,1721.89,1489.2591237113404,1486.4850000000001,111.48052843135976,290.37859561296017,396.65854838837635,337.6317857708101,336.3642163233981,25.39789790140749
20,6,1000,193.0,2688.73,3180.4,2926.7769430051812,2924.55,117.44701945887752,314.4258583825934,371.9228037028634,342.226095900944,341.93294694910327,13.802473719039174
20,6,10000,192.0,27850.46,28697.77,28260.023854166666,28250.055,200.10951308424112,348.4591311450332,359.06049666684146,353.8744828865097,353.9816130989727,2.505333936342402
20,8,1,193.0,6.81,32.2,13.837927461139895,11.69,5.6276809251924,31.055900621118013,146.84287812041117,81.93290893692195,85.54319931565442,25.429688664794767
20,8,10,188.0,15.39,74.22,32.119574468085105,29.025,12.467774623975272,134.73457289140396,649.772579597141,353.34872365922206,344.5350859574977,119.87025631629146
20,8,100,193.0,146.6,525.2,322.61326424870464,324.02,89.82990509251455,190.4036557501904,682.1282401091405,338.2167063150477,308.62292451083266,107.08046481785004
20,8,500,191.0,1329.58,1904.8,1616.8899476439792,1619.42,134.8761284538477,262.4947501049979,376.058604972999,311.4360300398842,308.7525163330081,26.501459977853358
20,8,1000,194.0,2727.73,3179.59,2961.91206185567,2968.28,110.59185097435669,314.50595831538027,366.605199194935,338.0970743485293,336.8954615074638,12.794865785953586
20,8,10000,189.0,27886.16,28992.28,28503.42587301587,28520.41,227.5626422993668,344.91940613156333,358.60082564254094,350.85748480729393,350.6260954874071,2.8139432146267778
20,10,1,193.0,6.34,22.18,10.595440414507772,9.94,2.5139871801157536,45.08566275924257,157.72870662460568,98.90339211736921,100.6036217303823,20.137319040671176
20,10,10,192.0,14.68,91.41,34.731197916666666,29.025,14.932688629675132,109.39722131057871,681.1989100817439,332.25981786889497,344.53058731277537,112.95928801716262
20,10,100,193.0,117.88,394.46,245.2913989637306,240.84,62.87760722031926,253.5111291385692,848.3203257550051,436.6661381032408,415.21341969772465,118.86103403775547
20,10,500,194.0,1336.88,1791.25,1560.8678350515463,1564.17,108.78975515769746,279.13468248429865,374.00514631081325,321.91631293390736,319.65865101653725,22.770884877796966
20,10,1000,192.0,2689.62,3357.74,3013.5781770833332,2974.6949999999997,153.36967339062767,297.81936659777114,371.7997337913906,332.6829380295099,336.16891960257703,16.757013875826736
20,10,10000,192.0,28402.5,29172.57,28829.709999999995,28837.504999999997,180.65916655230924,342.7877626139898,352.08168295044453,346.8780437307757,346.770638658298,2.177677739093511
30,2,1,289.0,8.46,74.09,32.047404844290654,31.03,14.87554230974829,13.49709812390336,118.20330969267138,39.796258438913384,32.22687721559781,21.344010786410898
30,2,10,294.0,25.67,201.72,102.99408163265306,99.50999999999999,43.92090398055949,49.573666468372,389.5597974289053,122.66285129911527,100.49249502536398,69.11292145638545
30,2,100,282.0,132.76,660.91,359.1372340425532,361.52,119.0511530209258,151.30653190298224,753.2389273877675,314.2720196644876,276.6113627981381,119.70039833029503
30,2,500,279.0,2194.62,3375.8,2758.08164874552,2750.02,253.77321997926344,148.11303987203033,227.82987487583273,182.83806416468155,181.816859513749,16.978745924387937
30,2,1000,300.0,4644.89,10534.86,7181.329366666665,6616.014999999999,2172.6892172106127,94.92295104064031,215.29035133232432,153.04035404918292,154.08585227358412,45.85100789919784
30,2,10000,270.0,51986.51,71137.0,55142.238,53325.07,5356.939922542609,140.5738223428033,192.35759430667684,182.74620515047957,187.5290555467974,14.388970496325625
30,4,1,290.0,6.61,27.54,13.646586206896549,12.489999999999998,4.41375456731561,36.31082062454612,151.285930408472,80.47034679212241,80.06487241864505,23.76751736050435
30,4,10,283.0,15.19,94.32,40.92452296819788,36.83,17.17017790311846,106.0220525869381,658.3278472679395,285.1690135426481,271.51778441487915,108.71713475312164
30,4,100,288.0,156.32,679.7,405.64979166666666,394.135,117.77721421459688,147.1237310578196,639.71340839304,270.0396465858736,253.72041411785912,86.09522769969227
30,4,500,288.0,1896.72,2764.43,2338.7759027777774,2340.0950000000003,201.4544837133509,180.86911225822323,263.6129739761272,215.41543569898815,213.66657184615605,19.00479008856324
30,4,1000,276.0,3808.65,5825.72,4395.917572463768,4321.735000000001,383.88077675856505,171.65260259676054,262.56022475155237,229.09837633579235,231.38855380462468,18.618294174897486
30,4,10000,270.0,38688.49,41215.38,39459.06514814815,39295.515,539.5829400398193,242.6278733812475,258.474807365188,253.47355400272204,254.48196824913947,3.390995374602294
30,6,1,286.0,6.81,27.68,13.03353146853147,12.135,3.935356735243339,36.127167630057805,146.84287812041117,83.02312556101599,82.40638878702686,22.22346947386578
30,6,10,290.0,15.97,113.27,44.85913793103449,37.445,22.90814909096932,88.28462964597864,626.1740763932372,276.164097277476,267.058357011628,118.14189602374138
30,6,100,296.0,202.41,769.3,493.75543918918913,490.1,140.0602490356998,129.98830105290523,494.0467368213033,222.02367276057964,204.04113488596806,72.64927912015946
30,6,500,282.0,1832.4,3370.97,2410.7206737588654,2363.76,328.9609207608769,148.3252594950415,272.86618642217854,211.08551625792967,211.52740021233708,27.29850068868163
30,6,1000,292.0,3926.01,4486.72,4226.472842465753,4234.485,136.44770279393606,222.87996576563725,254.71152646070692,236.85259059614955,236.15624009268157,7.707032872239365
30,6,10000,287.0,38833.21,39810.57,39330.81888501742,39327.01,224.24469662072264,251.18957101091496,257.51154746156703,254.26180553506447,254.27816658322104,1.4494443567854676
30,8,1,282.0,6.39,25.92,13.10212765957447,11.795,4.004371956230449,38.58024691358025,156.49452269170578,82.50698694458592,84.78170239070744,21.29354508469955
30,8,10,283.0,16.17,130.77,48.597879858657244,41.82,23.2134641940109,76.47013841095053,618.4291898577612,251.77581889785165,239.1200382592061,107.94386316920173
30,8,100,287.0,182.65,806.94,448.7169337979094,455.09,142.85665393141454,123.92495104964432,547.4952094169175,250.76367892364397,219.73675536707026,93.35857542521802
30,8,500,284.0,1923.55,3067.96,2383.3381690140845,2352.045,267.0571835903518,162.97474543344762,259.9360557302904,212.29246201671504,212.58175358939536,22.561828901968767
30,8,1000,287.0,3862.73,4761.85,4308.464076655052,4314.21,213.8941049560479,210.00241502777277,258.88426061360747,232.67816602702368,231.79214734563223,11.637619932113909
30,8,10000,283.0,39147.7,40449.23,39756.53770318022,39748.81,279.8521951887611,247.2234947364882,255.44284849429212,251.54339976757163,251.57985861715107,1.7676328483338386
30,10,1,291.0,6.9,17.63,10.1953264604811,9.79,1.771437224932671,56.72149744753261,144.92753623188403,100.69885210039985,102.1450459652707,15.52817962594173
30,10,10,288.0,14.75,66.18,32.79420138888889,29.445,11.370478194087543,151.1030522816561,677.9661016949153,339.93157392169974,339.6190637886378,109.27047356484002
30,10,100,295.0,123.39,547.32,330.8813220338983,336.96,103.65034806591066,182.7084703646861,810.4384471999351,338.8269326813002,296.77113010446345,125.67274675415557
30,10,500,297.0,1792.57,2482.32,2143.110505050505,2175.03,176.84084463930148,201.42447387927422,278.92913526389486,234.95674518015252,229.88188668662042,20.068438410616903
30,10,1000,293.0,3778.67,4685.36,4232.241296928329,4225.41,220.57590187911634,213.4307715949255,264.64337981353225,236.9221279004337,236.66342437775268,12.312387249519817
30,10,10000,286.0,39669.52,40879.84,40219.044020979025,40206.625,276.47341574345387,244.6193527176232,252.08270732794347,248.6501642816834,248.7152318522844,1.7069204040236399
40,2,1,383.0,7.05,64.93,28.564908616187992,27.37,12.090749001390506,15.401201293700908,141.84397163120568,42.81705394672418,36.53635367190354,21.550027981536278
40,2,10,380.0,16.4,166.72,78.66305263157895,76.765,32.86964621440863,59.980806142034545,609.7560975609757,160.11592893822012,130.26770067640442,94.65100755795467
40,2,100,394.0,243.03,1154.43,705.6692893401014,729.6949999999999,228.45870149178432,86.62283551189765,411.47183475291115,161.55203245239238,137.04356115489722,66.12205977651088
40,2,500,386.0,2855.38,4187.58,3551.2665544041456,3598.7200000000003,310.75408554297593,119.40070398655071,175.10804166170524,141.91288522114397,138.93828935078864,12.83865194939513
40,2,1000,382.0,6269.32,9079.49,7485.42222513089,7388.82,679.5689957493589,110.13834477487171,159.50693217127218,134.67988690524027,135.33967445189535,12.030955721784844
40,2,10000,373.0,59938.28,108483.31,81201.43627345844,79117.6,10980.96266878275,92.18007820742196,166.83828765189793,125.48572105488167,126.39412722327268,17.63240390136304
40,4,1,383.0,6.27,25.58,12.465300261096603,11.52,3.707843827589163,39.09304143862393,159.4896331738437,86.45207810651105,86.80555555555556,22.497557409368838
40,4,10,380.0,14.75,80.54,34.668684210526315,30.96,13.03909794083944,124.16190712689347,677.9661016949153,324.6154447144034,323.00078580165336,105.87362466646563
40,4,100,392.0,198.48,769.67,466.665306122449,462.47,140.01735805441746,129.9258123611418,503.82910116888354,237.2474880963206,216.23192437265368,80.64575943575062
40,4,500,391.0,2352.45,3166.97,2766.37,2764.02,196.80926629152836,157.87961363700953,212.54436863695298,181.6689321082837,180.89594141865834,13.06373731358057
40,4,1000,384.0,4912.61,5804.97,5369.045364583333,5368.955,207.12662865199655,172.26617880884828,203.55778293005145,186.5330469655074,186.2559963265511,7.269610895692119
40,4,10000,381.0,50303.61,51351.1,50834.20540682415,50835.04,238.0231654150041,194.73779529552436,198.7928898144686,196.72225059432697,196.71470702098395,0.9213305239156415
40,6,1,383.0,6.95,42.72,15.973054830287207,13.75,6.862852691474497,23.40823970037453,143.88489208633092,72.1302325067655,72.72727272727273,24.295974241249606
40,6,10,381.0,15.71,110.25,48.39215223097113,42.49,23.070199832300652,90.70294784580499,636.5372374283895,256.1248853822835,235.34949399858792,117.98192866271228
40,6,100,396.0,196.55,862.45,532.0005050505051,545.875,165.78360677705004,115.94875065221171,508.7763927753752,211.7049879122568,183.19598058564725,80.98010348600046
40,6,500,391.0,2468.72,3390.91,2937.6225575447575,2946.42,222.61978753390974,147.4530435782725,202.53410674357562,171.20562763350273,169.69746336231765,13.24345890566874
40,6,1000,373.0,4779.15,7168.14,5732.310831099195,5653.45,485.04480828926614,139.5062038408848,209.24222926671064,175.66199217948926,176.8831421521372,14.411257929571052
40,6,10000,382.0,50473.0,52158.85,51293.0497643979,51276.01,382.53145541974254,191.72201841106542,198.12573058863154,194.96901219514203,195.0229748574457,1.4515570660410866
40,8,1,380.0,6.26,39.3,17.79307894736842,16.325,6.726465267417004,25.445292620865143,159.7444089456869,64.20422529584624,61.255794441688614,23.295259299712537
40,8,10,382.0,16.89,145.6,59.68465968586387,54.540000000000006,30.223412525304987,68.68131868131867,592.0663114268797,217.51417088193264,183.35216777631035,113.12582296873107
40,8,100,386.0,148.86,724.87,426.76044041450785,428.905,131.4686214992962,137.95577137969568,671.7721348918446,262.47185815234405,233.1519116594933,98.94119810074758
40,8,500,374.0,2399.14,3861.91,3072.1770855614973,3082.25,291.2590921420476,129.4696147761082,208.40801287127886,164.24197213034662,162.21915890901042,15.844894371146122
40,8,1000,390.0,5045.65,6105.81,5588.424717948717,5597.715,255.36852369899174,163.77843398336995,198.19052054740226,179.3181545052945,178.6443232888447,8.257413716317698
40,8,10000,385.0,51146.01,52581.38,51884.01049350649,51871.02,333.84442054473107,190.18139120730572,195.51867291309722,192.7455799902195,192.78587542716534,1.2392160632943272
40,10,1,384.0,6.08,22.56,10.795625000000001,10.245000000000001,2.6468391378916474,44.326241134751776,164.4736842105263,96.97291976877068,97.60861280487805,18.814117684933297
40,10,10,387.0,15.03,52.21,26.279043927648583,24.37,6.615965371276968,191.5341888527102,665.3359946773121,400.89242073246106,410.3405826836274,86.13866644173783
40,10,100,387.0,127.36,571.04,332.4919638242894,342.68,107.1726085144037,175.11908097506304,785.1758793969849,338.0970531058201,291.8174390101553,123.57007601294949
40,10,500,388.0,2296.01,3332.51,2800.5752835051544,2819.415,245.84684265194446,150.03705915361093,217.769086371575,179.94348308219497,177.34175834369722,16.11574624062984
40,10,1000,395.0,4768.28,5883.19,5332.673493670885,5338.76,278.2516845890695,169.97581244188953,209.7192278976906,188.03780350669803,187.3094126726056,9.876259367810526
40,10,10000,386.0,51439.63,52884.65,52180.47284974093,52184.634999999995,342.5742096567264,189.09078532239505,194.40264247623867,191.6508323652204,191.62728686448162,1.2583126558613966
50,2,1,475.0,7.85,32.72,17.429115789473684,16.38,5.5832113808662935,30.56234718826406,127.38853503184714,63.38435449538359,61.05006105006105,20.199161475223445
50,2,10,471.0,16.42,246.09,88.36942675159236,68.32,55.615151228493495,40.635539843146816,609.0133982947625,165.1961577965807,146.37002341920376,101.94434794526855
50,2,100,475.0,341.49,1550.48,915.0970315789473,897.95,224.52497566248863,64.49615602910066,292.8343436118188,116.91560494049394,111.36477532156579,33.72960949179917
50,2,500,484.0,4376.16,6657.84,5542.990371900826,5556.46,544.4970945792397,75.09943164750129,114.25542027713796,91.0870579154333,89.98546242140937,9.035818691235527
50,2,1000,479.0,10258.55,12994.42,11672.904175365344,11700.8,621.5665953481673,76.95610885287685,97.47966330524295,85.91544897141345,85.4642417612471,4.6456530466845525
50,2,10000,500.0,63014.87,110029.75,89751.04125999998,99017.055,17057.246172173906,90.88451078003902,158.69270221457253,116.21756898714948,100.99270632192133,25.374744930782054
50,4,1,480.0,6.27,29.32,13.704270833333332,12.35,4.56013823456219,34.106412005457024,159.4896331738437,79.8282800180983,80.97171300740088,22.146213925770596
50,4,10,474.0,14.83,91.25,41.67628691983122,37.285,17.115415366711407,109.58904109589041,674.3088334457182,280.2150127769117,268.2049553428139,108.20403344501108
50,4,100,492.0,186.04,887.03,522.9311382113821,526.175,174.03336924655025,112.73575865528787,537.5188131584606,217.60948663186306,190.05107352021656,84.28845565654025
50,4,500,482.0,2946.03,4004.61,3470.2815767634856,3493.16,247.20261205465133,124.8561033408996,169.7199281745264,144.83005952529686,143.13687637554523,10.551845991086179
50,4,1000,463.0,6096.84,8236.58,6959.577710583154,6931.52,410.52123633920735,121.40961418452804,164.01939365310554,144.17331055127886,144.26850099256728,8.272285557706757
50,4,10000,480.0,62473.0,63923.45,63202.00114583333,63188.295,328.3201776888613,156.43711345366998,160.06914987274502,158.2271063637697,158.25715822994172,0.8216437498922208
50,6,1,477.0,6.84,40.45,15.607358490566035,13.57,6.74033857395979,24.721878862793574,146.19883040935673,74.04148160257645,73.69196757553426,25.199245339643692
50,6,10,480.0,15.99,110.64,46.631479166666665,38.735,22.96916339763088,90.38322487346349,625.3908692933082,265.390670404709,258.17033977042934,115.55589178679878
50,6,100,480.0,211.91,1006.84,569.9285416666667,567.215,189.82022405082816,99.32064677605182,471.8984474541079,199.4467129248025,176.302513326781,78.41378178418063
50,6,500,477.0,3085.22,4534.07,3804.8316771488467,3786.3,326.59589510380357,110.27619776492203,162.06299712824372,132.39324831847097,132.05504054089744,11.491318859061522
50,6,1000,472.0,5854.17,7932.63,6829.663644067796,6825.285,382.6549372413681,126.06159621714362,170.8184080749278,146.87814702521135,146.5140295804933,8.200427359081393
50,6,10000,486.0,62927.79,64370.87,63649.397222222215,63640.945,340.14775919456275,155.34977234267612,158.91230249783123,157.1151627756732,157.13154494228053,0.8390766624495696
50,8,1,474.0,7.33,48.43,19.719135021097046,17.060000000000002,9.422729695041662,20.648358455502787,136.4256480218281,62.07249038537087,58.61666726795136,26.378272923139868
50,8,10,470.0,15.77,145.33,49.073851063829785,38.18,29.9600294552015,68.80891763572558,634.1154090044388,271.8059891274877,261.9173958633104,127.70887486176429
50,8,100,493.0,127.37,813.28,458.26421906693713,462.89,171.97613975396158,122.9588825496754,785.1142341210646,259.93977844801697,216.03404696580182,121.95285458279145
50,8,500,489.0,2976.5,4605.06,3779.9175664621675,3774.97,394.01998699111016,108.5762183337459,167.98252981689905,133.72924967185108,132.45138371960573,14.031076081068948
50,8,1000,466.0,5957.71,8485.83,7119.819291845493,7095.48,531.6097127501256,117.84351088815119,167.84972749596741,141.22165775584378,140.93479465965913,10.338236735560304
50,8,10000,474.0,63279.05,65377.34,64298.597658227845,64268.32,458.06317702772776,152.95819621905696,158.03018534570288,155.53227574177217,155.5976568997265,1.1073527242606944
50,10,1,475.0,5.91,21.48,10.628926315789474,10.08,2.328155426363858,46.55493482309125,169.2047377326565,97.89249675588015,99.2063492063492,18.365091267583374
50,10,10,479.0,14.8,72.31,30.320855949895616,26.8,10.408713503785386,138.29345871940257,675.6756756756756,360.52291822093537,373.13432835820896,96.65092046987166
50,10,100,486.0,120.98,664.49,378.3241152263375,386.595,126.44723009339212,150.49135427169708,826.5829062654984,301.0333440211511,258.66897527809886,117.38033067274993
50,10,500,485.0,2798.46,3962.33,3405.811257731959,3449.62,278.36351623995137,126.18837905979562,178.66969690472618,147.83175959481414,144.9435010233011,12.573132651181263
50,10,1000,483.0,5953.21,7263.73,6631.695486542443,6630.51,299.4923866014238,137.67031538892553,167.97660421856443,151.10088018545193,150.81796121263673,6.870348617741733
50,10,10000,472.0,63666.55,65959.74,64737.174999999996,64678.28,509.93600390354726,151.60763217077567,157.06835064881008,154.4803123102602,154.61140937617753,1.213949292677679
60,2,1,573.0,6.05,18.34,11.33956369982548,11.14,2.169961271851413,54.525627044711015,165.28925619834712,91.52374588000787,89.76660682226212,18.280327550012558
60,2,10,564.0,15.97,44.87,29.882978723404257,28.935000000000002,5.681914913535197,222.86605749944283,626.1740763932372,347.30184679184777,345.60304775664383,69.51052110704218
60,2,100,567.0,159.53,655.16,396.3124514991182,404.63,107.82837528973211,152.63447096892364,626.8413464552121,275.9299480602587,247.13936188616762,92.38317304621954
60,2,500,587.0,3221.38,4581.61,3932.310834752981,3961.18,335.3675273514992,109.13194270136482,155.21298325562336,128.10773342083903,126.22501375852652,11.254102680578445
60,2,1000,589.0,7000.66,8373.3,7700.962529711374,7747.56,328.84891252129125,119.42722701921586,142.84367473923888,130.0947903303267,129.07289520829784,5.64650091529187
60,2,10000,545.0,74834.08,79398.25,76554.81418348625,76463.37,695.402325661046,125.94736030076228,133.62895621887782,130.636043224436,130.78157554395,1.1764560337538557
60,4,1,573.0,6.61,49.76,16.23078534031414,13.13,8.566877318621742,20.09646302250804,151.285930408472,73.93771355446421,76.16146230007615,26.572035524734844
60,4,10,574.0,15.2,117.11,53.41519163763066,47.754999999999995,24.38627622596057,85.3898044573478,657.8947368421053,230.383958623817,209.40215913774807,105.60531150956928
60,4,100,589.0,223.15,946.85,582.3227164685909,599.24,177.01484614367618,105.61334952738027,448.1290611696168,191.9659558747014,166.87804552433082,70.69900260725446
60,4,500,581.0,3408.43,4727.72,4093.4634079173843,4132.62,309.81733508670516,105.75922431954514,146.69510595787506,122.87093565954282,120.98862222996549,9.611420187127678
60,4,1000,576.0,7179.53,8719.67,7934.048680555556,7942.255,358.7500913970974,114.6832391592801,139.2848835508731,126.29750997089614,125.90882592278045,5.723940533937172
60,4,10000,575.0,74982.23,76952.91,75942.5167652174,75945.19,449.3225991529209,129.94960164599362,133.36493193120558,131.68315254646956,131.67390851217831,0.77901133546483
60,6,1,570.0,6.25,41.75,14.760614035087718,11.985,7.139485273732141,23.95209580838323,160.0,79.05111885967224,83.43764489328196,25.66649569474755
60,6,10,582.0,15.29,94.37,51.389725085910655,50.385,19.173643769204116,105.96587898696619,654.0222367560497,227.80232258385047,198.47181625366198,97.6906355812876
60,6,100,576.0,204.23,1087.84,614.2114930555556,615.6400000000001,197.72833916834176,91.92528312987204,489.64402879106893,185.16470564369746,162.43262904606172,76.59245500211662
60,6,500,564.0,3234.09,5322.65,4179.368475177305,4247.665,401.05109978683276,93.93816989657408,154.60299496921854,120.78328212575592,117.71173164030554,12.046562434754803
60,6,1000,581.0,7301.02,8960.0,8141.360981067126,8145.02,389.1128617928669,111.60714285714285,136.96716349222436,123.11310375481476,122.77440693822727,5.940214064934084
60,6,10000,574.0,75406.21,77726.12,76540.92928571429,76514.3,521.9688011969769,128.65687879441302,132.6150724191018,130.6551235192318,130.69452379244308,0.8900589273451831
60,8,1,570.0,7.38,48.72,20.408070175438596,17.54,9.816057671265066,20.525451559934318,135.50135501355012,60.8290095903481,57.01254275940707,27.07295935164195
60,8,10,576.0,17.31,176.89,69.52739583333333,59.485,40.606973818941555,56.532308214144386,577.7007510109763,204.70595924670124,168.1101312544896,117.76085925296488
60,8,100,581.0,164.47,1153.49,585.6419449225474,577.96,244.10328787340464,86.69342603750358,608.0136195050769,210.99175271133856,173.02235448819988,109.04545350186004
60,8,500,578.0,3448.9,5095.7,4299.545743944636,4354.205,374.1981797750196,98.12194595443216,144.97375974948534,117.20731210009603,114.83154401091706,10.57859160299747
60,8,1000,562.0,7262.61,10307.6,8689.768202846975,8641.115,655.389106231328,97.01579417129108,137.69154615214092,115.72952394714947,115.72582203924007,8.677554831614193
60,8,10000,572.0,76046.7,78131.04,77097.98624125874,77089.455,454.5258518585326,127.99010482901546,131.49814521866168,129.70957962164516,129.71942790549548,0.7642977295380121
60,10,1,577.0,6.61,24.77,11.085875216637781,10.25,2.780980209165562,40.37141703673799,151.285930408472,94.5379851587264,97.5609756097561,18.26582849366412
60,10,10,581.0,14.33,62.48,27.630154905335626,25.68,7.388687926169603,160.0512163892446,697.8367062107467,383.6187049910337,389.4080996884735,87.42764142300946
60,10,100,576.0,138.46,563.88,345.8666666666667,331.735,100.65585005181158,177.3426970277364,722.2302470027445,317.3711932014923,301.446792305351,103.8875593666346
60,10,500,571.0,3201.26,4692.67,3959.186339754817,4015.06,341.6894979426363,106.54915005743,156.18850077781872,127.27352135734601,124.53114025693264,11.462458277351212
60,10,1000,584.0,6991.38,8769.85,7897.571267123288,7883.96,417.77493547286116,114.0270358101906,143.03327812248796,126.97890399084129,126.83981380163499,6.774010387093936
60,10,10000,569.0,76114.88,78660.44,77323.28337434094,77338.04,538.4797269092907,127.1287066281348,131.38035558881523,129.33341877701298,129.3024752114225,0.8999563604400248
70,2,1,678.0,6.31,27.28,12.591297935103247,11.594999999999999,3.7958565863213325,36.65689149560117,158.4786053882726,85.34381222228946,86.24421505491514,21.29783491693414
70,2,10,665.0,14.8,96.76,39.7106015037594,33.83,17.22902727059264,103.34849111202976,675.6756756756756,293.73814508209495,295.5956251847473,107.62515424303932
70,2,100,678.0,230.45,811.43,525.0057817109146,535.315,138.85695303264387,123.23921964926119,433.9336081579519,207.6520056370645,186.8060170773129,68.59342016347547
70,2,500,676.0,3655.86,5790.4,4719.002662721893,4779.205,503.47918045808433,86.34982039237359,136.76672520282506,107.219676017497,104.61994340927863,11.939678293047322
70,2,1000,670.0,8723.84,10665.96,9738.923104477613,9784.225,435.66222645932544,93.75621134900189,114.62842051206806,102.88948999411986,102.20534125277993,4.672225312254903
70,2,10000,630.0,87989.72,93766.91,90174.62373015874,89846.905,1206.2757580762516,106.64743031416945,113.64963998067046,110.91551994436655,111.30043941252305,1.463555861273372
70,4,1,672.0,7.67,59.13,24.187797619047622,21.58,11.723026457198873,16.91188905800778,130.3780964797914,51.60416640532113,46.33929252054186,23.866643779916057
70,4,10,659.0,16.81,186.53,71.04503793626708,64.95,36.49043354115326,53.61067924730607,594.883997620464,186.98245109647684,153.9645881447267,107.9208486011994
70,4,100,695.0,199.26,1146.16,667.7315971223021,693.41,234.3765985363683,87.2478537027989,501.85687042055605,177.35864658128287,144.21482239944623,86.1437625541003
70,4,500,676.0,3937.92,5601.12,4824.761227810651,4870.3099999999995,388.9276855847638,89.26786071357158,126.9705834552251,104.3304199926066,102.66286968245824,8.698002652045115
70,4,1000,674.0,8392.71,10125.28,9312.837537091988,9351.205,385.44782971950576,98.7627008833336,119.15102511584459,107.5651425146413,106.93808980802024,4.510437839163271
70,4,10000,669.0,87941.23,90351.19,89093.74094170403,89071.89,534.8742122476217,110.67922846395271,113.71230536575393,112.24537235123566,112.26886507067493,0.6733079112934948
70,6,1,670.0,6.76,54.56,22.434313432835822,19.6,10.940849228558921,18.328445747800586,147.92899408284023,55.90372243250237,51.02105894207834,26.043743055434874
70,6,10,664.0,14.72,122.9,46.20239457831325,38.480000000000004,23.272119575515227,81.36696501220504,679.3478260869565,267.66342719501364,259.87638312586444,114.37670496398765
70,6,100,691.0,182.56,905.03,533.9009551374819,535.35,177.65700213549363,110.49357479862546,547.7651183172655,215.13491623468386,186.7936863734006,90.84630241160554
70,6,500,659.0,3974.91,6442.34,5182.077966616085,5244.07,531.869364659729,77.6115510823707,125.78901157510485,97.55920389318565,95.34579057869175,10.529251626090069
70,6,1000,677.0,8429.88,10644.88,9565.42917282127,9579.76,501.30544144764417,93.94187628230662,118.6256506616939,104.83359374521658,104.3867487285694,5.551138274063314
70,6,10000,668.0,88119.82,90812.36,89450.76773952096,89422.29000000001,585.453889778961,110.11716907257998,113.48184778407399,111.79812345017982,111.82894110613144,0.7310337059701981
70,8,1,667.0,6.76,53.3,19.48877061469266,16.67,9.821026535284012,18.76172607879925,147.92899408284023,62.752754638753224,59.98800239952009,25.626657747803538
70,8,10,661.0,14.23,102.22,40.215340393343425,32.53,20.080498832353353,97.82821365681862,702.7406886858749,302.71868844982225,307.4085459575776,119.55581861109528
70,8,100,672.0,141.38,1139.79,555.2023511904762,526.9300000000001,235.07254662785027,87.73546004088473,707.3136228603763,219.83319227502224,189.77853180646127,107.64863594865128
70,8,500,658.0,3887.36,6545.24,5194.497765957447,5238.195,561.2823569711921,76.39139282898718,128.6219953901877,97.41750806578074,95.45273160925097,10.857175607853577
70,8,1000,673.0,8731.01,10962.18,9896.644071322438,9940.81,489.28464244781037,91.22273124506258,114.53428641130867,101.29562891331899,100.59542431652955,5.090704616621031
70,8,10000,633.0,88276.51,93876.35,90692.57628751974,90631.67,735.9032569875114,106.52310193142362,113.28041853942798,110.26984716263013,110.33670680458609,0.8922229069516238
70,10,1,667.0,6.32,23.45,11.08743628185907,10.34,2.7055633493866296,42.64392324093817,158.2278481012658,94.38656160359132,96.71179883945841,18.01545200849756
70,10,10,664.0,15.51,80.8,33.54584337349397,28.665,13.395386407250987,123.76237623762377,644.7453255963894,336.1651722852386,348.8575023287592,102.78768573483018
70,10,100,681.0,126.02,656.9,377.4268428781204,369.24,125.4372716445915,152.2301720200944,793.5248373274084,301.8928672292799,270.8265626692666,120.09063731971939
70,10,500,667.0,3666.34,5661.92,4726.306506746627,4766.05,411.04227303031996,88.30926611467487,136.37578620640747,106.62449107130834,104.9086769966744,9.637908608099858
70,10,1000,669.0,8041.81,10283.83,9199.298445440956,9216.27,500.18368146886576,97.24003605660538,124.35011521038174,109.0284864836201,108.50376562318596,5.981238724017515
70,10,10000,663.0,88276.19,91089.66,89668.79699849171,89679.69,621.871839529569,109.78194451488785,113.28082917941973,111.52688119410635,111.50796796911318,0.773930411691758
80,2,1,761.0,6.65,30.49,14.27018396846255,12.77,4.851173662703576,32.79763857002296,150.37593984962405,77.1197708430582,78.30853563038372,22.188378533658906
80,2,10,760.0,14.79,80.22,37.99638157894737,33.445,14.34947664318615,124.65719272001995,676.132521974307,297.9873638694745,298.9985225745002,100.39598494136439
80,2,100,777.0,214.3,876.1,540.2311454311454,534.82,155.8666502002078,114.1422212076247,466.6355576294913,204.9896409372061,186.97879660446503,74.19847715199744
80,2,500,769.0,4268.98,6421.08,5401.076983094928,5439.18,471.6560425995592,77.86852056040416,117.12399683296712,93.30987252337103,91.92562114142204,8.468624516728783
80,2,1000,769.0,9683.49,11632.2,10705.417295188556,10752.17,449.3855266196351,85.96826051821667,103.26855297005523,93.57743897154664,93.00448188598209,3.977722848910821
80,2,10000,780.0,101201.52,105428.91,103286.43756410255,103213.14,1030.0313261963743,94.85064390782377,98.81274510501423,96.82774798921692,96.88688863366144,0.9642410528825915
80,4,1,759.0,7.16,70.41,24.183003952569173,21.0,12.83066919034953,14.202528049992898,139.66480446927372,52.3641738156752,47.61904761904761,24.11750898027024
80,4,10,766.0,15.19,140.85,66.69859007832898,64.67,29.911154670626416,70.99751508697196,658.3278472679395,189.15452636290988,154.631208274441,101.93078808056748
80,4,100,778.0,182.44,1202.87,669.7059768637533,671.7349999999999,242.44318492714743,83.13450331290997,548.1254110940583,177.71653362029176,148.86823028484883,87.61426762185012
80,4,500,771.0,4400.74,6461.71,5471.397081712062,5524.67,461.0524679561693,77.37889815544183,113.61725527979385,92.060214754276,90.50314317416243,8.058429240422507
80,4,1000,744.0,8994.01,13089.26,10891.231397849462,10869.505000000001,747.8362182572421,76.39851297934338,111.18511097941852,92.24213400258309,92.00050968377755,6.222665431895861
80,4,10000,773.0,100657.42,103562.8,102110.53033635188,102124.25,667.3067127309399,96.55976856554669,99.34687378237987,97.93727347730919,97.91993576452214,0.6398038682244759
80,6,1,761.0,7.38,49.05,20.91717477003942,19.17,8.763307524693309,20.387359836901123,135.50135501355012,56.45606313184391,52.16484089723526,22.98517541251667
80,6,10,765.0,15.47,114.73,47.2555816993464,37.31,25.21909659420097,87.16116098666434,646.4124111182934,269.95873496404863,268.0246582685607,120.82336808336139
80,6,100,787.0,187.75,946.44,572.6292249047015,577.49,185.8658690850981,105.65910147500105,532.6231691078561,201.44413736779526,173.16317165665205,89.98910680297546
80,6,500,769.0,4286.19,7111.29,5743.991742522758,5813.4,599.2655998238212,70.3107312456671,116.65371810395715,88.0519660199825,86.00818797949566,9.708741379235455
80,6,1000,769.0,9717.06,12089.65,10935.010117035112,10967.14,532.5003886385872,82.7153805114292,102.91178607521205,91.66900014246224,91.18147484211929,4.516995574185302
80,6,10000,722.0,100618.98,107122.25,103111.44939058174,103112.95,836.4597612873043,93.35128789770566,99.38482779292734,96.98881907409182,96.9810290563305,0.7863695927712175
80,8,1,781.0,7.15,42.12,17.271075544174135,14.61,7.757138094479709,23.741690408357076,139.86013986013987,68.50870979145829,68.44626967830253,25.588533660612338
80,8,10,767.0,15.81,83.66,42.06341590612777,39.39,15.164373384477212,119.53143676786995,632.5110689437065,269.4340531887135,253.87154100025387,94.55045987419531
80,8,100,767.0,124.09,798.09,431.9817209908735,424.49,147.69779553148678,125.29915172474281,805.8667096462244,266.5705471784769,235.5768098188414,115.20720517764195
80,8,500,761.0,4166.71,7209.73,5812.428791064389,5922.06,646.6110073489467,69.35072464572183,119.99875201297907,87.17386195607523,84.43008007348794,10.438175226646338
80,8,1000,768.0,9923.58,12600.11,11307.265885416666,11329.815,585.8785018459525,79.36438650138768,100.77008498948969,88.6790037488932,88.26269454821349,4.6465980805073785
80,8,10000,726.0,101094.21,107345.65,103777.8226859504,103794.45999999999,849.5732803628077,93.15701195157885,98.91763336396812,96.36615443889701,96.34425579146841,0.7883380077650687
80,10,1,767.0,5.89,31.02,11.840208604954366,10.4,4.266787836780504,32.23726627981947,169.77928692699493,92.07315592023305,96.15384615384616,22.741281151811762
80,10,10,757.0,15.31,74.67,30.369590488771465,26.38,10.865189270197492,133.92259274139548,653.1678641410842,361.82099232611034,379.07505686125853,97.59436568434893
80,10,100,771.0,127.46,544.96,327.8695071335928,326.02,92.4303752171985,183.49970640046976,784.5598619174643,334.34698872142565,306.72964848782283,112.36528453503672
80,10,500,767.0,3883.58,6099.45,5135.642816166884,5217.01,507.69217092332735,81.9746042675979,128.7471868739668,98.39081431038787,95.84033766467766,10.509004134853104
80,10,1000,770.0,9254.26,11415.4,10435.362701298702,10484.41,480.61478322592245,87.60096010652276,108.05834286047723,96.03608833649695,95.37971165308963,4.523818457767227
80,10,10000,720.0,103231.35,175295.36,126651.25001388887,123435.29000000001,17385.21110478141,57.04657556252488,96.8697977891406,80.19193250815216,81.0141091499058,9.131200456694588
90,2,1,869.0,6.47,32.89,13.684338319907939,12.12,4.710453319694837,30.404378230465184,154.5595054095827,79.872206381723,82.50825082508251,21.135602629441255
90,2,10,852.0,15.0,127.67,47.835692488262914,39.614999999999995,24.37647316100683,78.32693663350825,666.6666666666667,256.5087641472386,252.43031483218468,106.6481556524555
90,2,100,866.0,161.56,1271.67,683.7032678983834,676.405,242.1127440839616,78.63675324573198,618.9650903689031,171.101921615198,147.84042693859473,80.03490640034315
90,2,500,835.0,4523.07,8175.48,6324.044922155688,6293.6,728.9750163454796,61.15848855357728,110.54438688766702,80.14532089901854,79.44578619550019,9.482249475044947
90,2,1000,873.0,10593.34,12842.1,11750.8093814433,11782.86,516.2447735131913,77.8688843724936,94.39893366964527,85.2668578101726,84.86903858655708,3.790677283904642
90,2,10000,861.0,113870.29,117023.66,115444.57768873402,115451.14,711.9575502867692,85.45280501396041,87.81921956991592,86.62494546600483,86.6167280808141,0.5340987894368343
90,4,1,859.0,7.32,37.66,15.182456344586729,13.2,5.85422505626873,26.55337227827934,136.6120218579235,73.86319892698077,75.75757575757576,22.37023944550115
90,4,10,856.0,14.74,113.82,53.55598130841121,51.235,22.110874602162344,87.85802143735724,678.42605156038,223.67742271074638,195.17912327374,98.90719597063513
90,4,100,870.0,221.22,901.16,564.3634827586206,567.085,157.69566314325905,110.9680855785876,452.03869451225023,194.19811895386064,176.34068006530114,65.25993814908409
90,4,500,841.0,4745.63,7722.91,6235.0597621878715,6318.75,611.3381622216369,64.74243517016255,105.36008917677947,80.99929544913094,79.1295746785361,8.294125281155727
90,4,1000,864.0,10918.91,13185.7,12115.013599537036,12187.935000000001,485.3144267612243,75.83973547100267,91.58423322474496,82.67675334454319,82.04835357123883,3.361572890096835
90,4,10000,817.0,113096.46,118412.5,115159.35373317014,115105.57,815.4326386882504,84.45054365037475,88.42009732223272,86.84053341037328,86.87676886531207,0.6128522381068972
90,6,1,864.0,7.13,46.56,20.228506944444444,18.11,8.665552664378565,21.477663230240548,140.25245441795232,58.61110856179067,55.21811154058531,23.766092742065677
90,6,10,863.0,15.6,154.8,71.33409038238702,69.27,33.709420895071084,64.59948320413436,641.0256410256411,184.38576180391973,144.36263894904,106.96868892801557
90,6,100,858.0,246.84,1234.81,736.2244988344987,769.525,225.4633898486512,80.98411901426131,405.12072597634096,154.33277084908318,129.95037433607592,66.07123971366973
90,6,500,865.0,4664.36,7926.91,6375.8201849710995,6460.47,691.9881554769765,63.07628066926457,107.19584251644386,79.4017215886597,77.39374999032579,9.123052160349541
90,6,1000,843.0,10504.64,14839.9,12562.816061684462,12478.13,929.4633123584352,67.3858988268115,95.1960276601578,80.02698595515815,80.14021331721982,5.797980414061926
90,6,10000,867.0,113932.48,117259.98,115625.82996539793,115597.12,740.3403828774609,85.2805876310059,87.77128348298922,86.48941046367307,86.5073455117221,0.5536367096331294
90,8,1,853.0,7.28,43.89,17.077502930832356,14.65,7.600152708810293,22.7842333105491,137.36263736263737,68.8485286084021,68.25938566552901,25.245866951592745
90,8,10,855.0,18.27,170.83,66.72286549707603,58.96,36.56591654429845,58.537727565415906,547.3453749315819,201.14165994598144,169.606512890095,107.23819255339411
90,8,100,859.0,227.43,1387.34,791.8928637951105,775.64,260.12649002728926,72.08038404428619,439.6957305544563,145.37061884011544,128.92579031509464,65.67151548147883
90,8,500,872.0,3920.58,8402.27,6246.859805045871,6262.775,1028.2426720269593,59.507728268670256,127.53215085523061,82.36768217336433,79.83681424969402,14.436046330609468
90,8,1000,877.0,9917.55,14683.3,12302.884492588368,12055.28,1132.9042865149686,68.10458139519046,100.83135451800094,81.95445460838162,82.95120478329828,7.340751914426819
90,8,10000,861.0,114226.3,117457.64,115932.67797909406,115955.88,712.7497266714649,85.13707580026298,87.54551272342708,86.26021990675318,86.23969737455315,0.5307704439502682
90,10,1,866.0,11.63,179.13,55.69666281755196,46.62,33.43419821073706,5.582537821693743,85.98452278589853,25.21071462276022,21.45006980934882,15.286869469597825
90,10,10,855.0,19.19,444.71,165.87327485380112,139.94,96.9586455466164,22.48656427784399,521.1047420531527,88.92296319970019,71.45919679862799,67.82984979993874
90,10,100,864.0,145.54,5117.27,2183.554641203704,1830.125,1219.132155776213,19.54166967934074,687.0963309055929,70.34383773578456,54.641076429613506,64.2628086799882
90,10,500,868.0,6943.69,14793.42,11049.172707373273,11433.71,1814.4416661750888,33.79881055225905,72.0078229298831,46.64992843022389,43.73034227695279,8.659215976479125
90,10,1000,843.0,17053.05,27001.59,22535.660403321475,22710.77,1973.6040695950187,37.034856095511415,58.64053644362739,44.742081214858906,44.0319724958687,4.242053781976674
90,10,10000,900.0,148139.58,231155.36,186973.9565666667,190971.20500000002,30743.305299476717,43.260947961578744,67.50390408829296,54.98022958593091,52.7716994592496,9.12312096473903
100,2,1,957.0,6.85,32.48,13.818672936259143,12.36,4.60995771684812,30.788177339901484,145.98540145985402,78.90515132230276,80.90614886731392,21.00376307584936
100,2,10,947.0,15.27,85.33,40.19072861668427,36.39,14.55973975557272,117.19207781553966,654.8788474132286,280.2183448995935,274.80076944215443,94.34954920301558
100,2,100,971.0,230.94,1238.1,731.0700617919671,777.71,238.32536851033788,80.76892011953801,433.01290378453274,159.96282475982252,128.582633629502,77.15572971041252
100,2,500,929.0,5449.5,8750.67,7038.224273412271,7105.39,678.1263316808913,57.13848196766648,91.75153683824205,71.72174843428903,70.36911415136959,7.11933002329098
100,2,1000,955.0,11878.02,14543.41,13268.512638743456,13351.35,563.7137454913302,68.75966503041585,84.18911569436656,75.50470668734512,74.89879300595071,3.2591599792380173
100,2,10000,950.0,127291.27,130900.46,129086.15929473686,129063.55,783.6152706881148,76.39392558284364,78.55998294305651,77.47049321321286,77.48121004815158,0.4701751861522068
100,4,1,960.0,5.74,25.7,12.753677083333335,11.665,3.601483247666831,38.91050583657587,174.21602787456445,83.58706416083437,85.72654811195821,19.40188166537761
100,4,10,965.0,15.76,97.08,48.01072538860103,45.14,19.085750876516318,103.00782859497322,634.5177664974619,244.49380628667146,221.53300841825433,99.21688392484901
100,4,100,957.0,281.81,748.76,505.95454545454544,493.9,103.49230653805955,133.5541428495112,354.8490117455023,206.18443398014418,202.4701356549909,43.24869939868128
100,4,500,957.0,4844.47,8662.44,6859.931776384536,6861.85,785.8299541947335,57.72045751543445,103.21046471543842,73.88557808315791,72.86664674978321,8.826617239135002
100,4,1000,958.0,12164.59,14928.51,13642.247630480168,13699.009999999998,564.97614995029,66.98592156886387,82.20581211532817,73.42912586566813,72.9979757667544,3.080063521294671
100,4,10000,913.0,126279.41,132684.24,128987.11671412925,128962.12,977.9744476048207,75.36690114816953,79.18947356500954,77.5315723645238,77.5421495862506,0.5869500050112767
100,6,1,950.0,6.96,48.38,19.053505263157895,15.74,9.52161683679901,20.669698222405952,143.67816091954023,64.61253181080058,63.53250410095452,26.615489538315042
100,6,10,967.0,15.59,107.9,46.44392967942089,39.53,22.313639988628204,92.67840593141797,641.4368184733804,264.12320587328406,252.97242600556538,111.94905369173132
100,6,100,960.0,202.13,1136.63,657.4125208333334,666.6800000000001,213.28656591128455,87.97937763388262,494.7311136397368,175.72711384004893,149.9970041435039,81.12834496732853
100,6,500,963.0,4988.8,8800.68,6965.762814122533,7109.3,808.9429198372413,56.813791661553424,100.22450288646567,72.82538297477171,70.33041227687677,9.082351971920788
100,6,1000,943.0,11786.34,16199.99,13954.429119830329,13851.26,952.3825799899221,61.728433165699485,84.84398040443428,71.99446782707084,72.19559808999325,4.890655758150782
100,6,10000,956.0,127122.09,131113.8,129173.80377615063,129153.91,869.3046752387288,76.26962226706875,78.6645342284728,77.41858371418752,77.42700165807543,0.5210543624756145
100,8,1,948.0,5.82,32.57,12.289398734177214,10.73,4.583671275298698,30.703101013202332,171.82130584192439,89.06569651763729,93.19664492078286,22.37695421988833
100,8,10,959.0,13.87,69.14,28.65404588112617,25.8,8.767473713087371,144.6340757882557,720.9805335255949,373.9043584362097,387.5968992248062,87.39839778460001
100,8,100,962.0,109.91,888.23,476.89600831600836,454.72,179.93471090086277,112.58345248415388,909.835319807115,248.42749304947495,219.91559497084762,116.09764696419012
100,8,500,960.0,4372.68,7783.94,6311.725489583334,6517.6900000000005,742.511480348375,64.23482195392052,114.34635052187674,80.43024582471158,76.7142974143933,10.391763910732493
100,8,1000,957.0,11207.46,14581.22,12989.540971786835,13056.97,686.9096701313457,68.58136699123942,89.22628320779197,77.20480819391379,76.58744716423489,4.164302337404767
100,8,10000,956.0,127604.2,131288.86,129531.09531380754,129543.94,790.6143830842914,76.16792468150001,78.36732646731065,77.20441791635722,77.19388494763888,0.4715639847474232
100,10,1,951.0,14.9,743.1,160.57659305993693,115.2,137.2047028757829,1.3457139012245998,67.11409395973155,10.850190822465754,8.680555555555555,8.596562779430338
100,10,10,945.0,33.22,1129.42,386.3579576719577,344.18,217.28517941009835,8.85410210550548,301.02347983142687,36.566336770497095,29.054564472078564,27.144685853588303
100,10,100,963.0,408.5,5549.14,2774.7504153686396,2836.31,1159.2327321101081,18.02081043188674,244.7980416156671,46.76350672743564,35.25707697677616,31.758177938955296
100,10,500,953.0,7447.28,15222.73,11722.652486883526,11998.45,1768.671183852898,32.84561967531448,67.13860630995478,43.723128661880516,41.67204930636874,7.211521505849194
100,10,1000,970.0,18947.53,27079.21,23707.73806185567,24081.405,1935.7849590579544,36.92869917549293,52.77732770445541,42.475659605180546,41.52581660583469,3.6301669146085755
100,10,10000,1000.0,132678.61,239493.44,177140.67130000002,167542.31,36481.88446867627,41.754797125132114,75.37009921945972,58.84541502493161,60.26138278701882,11.690656016825692
